{"random":{"p1_wr":0.50165,"p2_wr":0.49835,"avg_turns":52.04195,"decisive_golden":0.3112,"swap_used":0.29775,"games":20000},"mcts_vs_rand":{"wr":0.99,"p1":"49/50","p2":"50/50"},"mcts_vs_mcts":{"p1_wr":0.5166666666666667,"games":60},"selfplay":{"versions":[1,2,3,4,5,6,7,8,9,10,11,12,13,14,15,16,17,18,19,20,21,22,23,24,25,26,27,28,29,30,31,32,33,34,35,36,37,38,39,40,41,42,43,44,45,46,47,48,49,50,51,52,53,54,55,56,57,58,59,60,61,62,63,64,65,66,67,68,69,70,71,72,73,74,75,76,77,78,79,80,81,82,83,84,85,86,87,88,89,90,91,92,93,94,95,96,97,98,99,100,101,102,103,104,105,106,107,108,109,110,111,112,113,114,115,116,117,118,119,120,121,122,123,124,125,126,127,128,129,130,131,132,133,134,135,136,137,138,139,140,141,142,143,144,145,146,147,148,149,150,151,152,153,154,155,156,157,158,159,160],"losses":[1.10638,1.08287,1.05808,1.02357,1.02191,0.98582,0.96788,0.97399,0.94235,0.9242,0.90909,0.90797,0.84863,0.8837,0.89061,0.89229,0.89742,0.87371,0.8847,0.90511,0.977,0.88065,0.91026,0.95678,0.93675,0.87583,0.8875,0.8852,0.88076,0.89157,0.83032,0.83863,0.81465,0.80867,0.86125,0.88955,0.83042,0.87503,0.86417,0.85914,0.81815,0.85273,0.82898,0.84137,0.85253,0.84987,0.88364,0.85427,0.86639,0.8557,0.78692,0.86155,0.80294,0.80225,0.81972,0.88675,0.83712,0.88015,0.8662,0.89795,0.89118,0.90713,0.92892,0.91607,0.92698,0.90689,0.81236,0.82683,0.80688,0.78076,0.81533,0.79104,0.79836,0.796,0.80414,0.80256,0.809,0.79875,0.82903,0.81298,0.85537,0.93356,0.87675,0.83228,0.85325,0.81207,0.82255,0.81786,0.78655,0.8147,0.81364,0.81011,0.81918,0.77422,0.76808,0.78088,0.79372,0.79064,0.79716,0.77486,0.84699,0.81418,0.82902,0.76488,0.79104,0.78397,0.8064,0.80235,0.81601,0.78328,0.77113,0.78297,0.7774,0.75356,0.75691,0.78656,0.79673,0.80044,0.8214,0.76705,0.74043,0.74312,0.73181,0.77227,0.84647,0.86582,0.84262,0.84949,0.84064,0.82824,0.85635,0.83043,0.84937,0.83112,0.86071,0.85324,0.87183,0.81481,0.82385,0.81249,0.81245,0.78374,0.79368,0.82567,0.77915,0.81106,0.81545,0.81892,0.84186,0.83295,0.87911,0.83854,0.84232,0.86717,0.84984,0.86965,0.84169,0.84937,0.86613,0.86561],"vs_random":[50.0,66.7,66.7,83.3,83.3,83.3,66.7,75.0,75.0,75.0,83.3,83.3,91.7,91.7,83.3,91.7,83.3,50.0,100.0,83.3,83.3,100.0,91.7,83.3,75.0,75.0,91.7,83.3,83.3,83.3,83.3,83.3,75.0,91.7,91.7,100.0,78.60000000000001,71.39999999999999,92.9,92.9,92.9,85.7,92.9,85.7,78.60000000000001,92.9,71.39999999999999,78.60000000000001,100.0,92.9,92.9,92.9,78.60000000000001,78.60000000000001,92.9,92.9,78.60000000000001,85.7,100.0,92.9,92.9,92.9,85.7,78.60000000000001,100.0,64.3,92.9,100.0,100.0,64.3,100.0,100.0,92.9,85.7,71.39999999999999,100.0,92.9,85.7,85.7,85.7,71.39999999999999,92.9,71.39999999999999,92.9,92.9,100.0,78.60000000000001,100.0,100.0,85.7,92.9,85.7,92.9,85.7,92.9,85.7,100.0,92.9,85.7,100.0,83.3,83.3,91.7,83.3,83.3,100.0,91.7,100.0,91.7,91.7,100.0,100.0,91.7,100.0,100.0,100.0,91.7,100.0,100.0,100.0,75.0,100.0,83.3,75.0,83.3,91.7,83.3,83.3,75.0,100.0,91.7,83.3,100.0,83.3,100.0,83.3,83.3,83.3,83.3,83.3,91.7,100.0,100.0,100.0,66.7,100.0,100.0,100.0,100.0,66.7,100.0,91.7,91.7,83.3,91.7,75.0,83.3,83.3,83.3,91.7],"trained_wr":0.895},"variants":{"stands":{"7":{"p1_wr":0.4908,"avg_turns":36.5964,"decisive_golden":0.0,"std_turns":3.693549382369213},"8":{"p1_wr":0.4998,"avg_turns":42.3954,"decisive_golden":0.3432,"std_turns":3.508426832641661},"9":{"p1_wr":0.5012,"avg_turns":45.9736,"decisive_golden":0.0,"std_turns":4.262265012877543},"10":{"p1_wr":0.5104,"avg_turns":52.0868,"decisive_golden":0.3128,"std_turns":3.9259222814518373},"12":{"p1_wr":0.4986,"avg_turns":61.4978,"decisive_golden":0.2926,"std_turns":4.363300947677113}},"heights":{"7":{"p1_wr":0.5098,"avg_turns":35.6712,"decisive_golden":0.3094},"9":{"p1_wr":0.4826,"avg_turns":43.7686,"decisive_golden":0.3126},"11":{"p1_wr":0.4966,"avg_turns":52.0542,"decisive_golden":0.3116},"13":{"p1_wr":0.4974,"avg_turns":60.4878,"decisive_golden":0.317}}},"strategies":{"transfer_early":41.875,"transfer_mid":52.000000000000014,"transfer_late":51.47769950768335,"avg_first_close":13.75,"avg_placement":2.2323040380047505},"trained_mm":{"p1":45,"p2":35}}