{"random":{"p1_wr":0.50165,"p2_wr":0.49835,"avg_turns":52.04195,"decisive_golden":0.3112,"swap_used":0.29775,"games":20000},"mcts_vs_rand":{"wr":0.99,"p1":"49/50","p2":"50/50"},"mcts_vs_mcts":{"p1_wr":0.5166666666666667,"games":60},"selfplay":{"versions":[1,2,3,4,5,6,7,8,9,10,11,12,13,14,15,16,17,18,19,20,21,22,23,24,25,26,27,28,29,30,31,32,33,34,35,36,37,38,39,40,41,42,43,44,45,46,47,48,49,50,51,52,53,54,55,56,57,58,59,60,61,62,63,64,65,66,67,68,69,70,71,72,73,74,75,76,77,78,79,80,81,82,83,84,85,86,87,88,89,90,91,92,93,94,95,96,97,98,99,100,101,102,103,104,105,106,107,108,109,110,111,112,113,114,115,116,117,118,119,120,121,122,123,124,125,126,127,128,129,130,131,132,133,134,135,136,137,138,139,140,141,142,143,144,145,146,147,148,149,150,151,152,153,154,155,156,157,158,159,160,161,162,163,164,165,166,167,168,169,170,171,172,173,174,175,176,177,178,179,180,181,182,183,184,185,186,187,188,189,190,191,192,193,194,195,196,197,198,199,200,201,202,203,204,205,206,207,208,209,210,211,212,213,214,215,216,217,218,219,220,221,222,223,224,225,226,227,228,229,230,231,232,233,234,235,236,237,238,239,240,241,242,243,244,245,246,247,248,249,250,251,252,253,254,255,256,257,258,259,260,261,262,263,264,265,266,267,268,269,270,271,272,273,274,275,276,277,278,279,280,281,282,283,284,285,286,287,288,289,290,291,292,293,294,295,296,297,298,299,300,301,302,303,304,305,306,307,308,309,310,311,312,313,314,315,316,317,318,319,320,321,322,323,324,325,326,327,328,329,330,331,332,333,334,335,336,337,338,339,340,341,342,343,344,345,346,347,348,349,350,351,352,353,354,355,356,357,358,359,360,361,362,363,364,365,366,367,368,369,370,371,372,373,374,375,376,377,378,379,380,381,382,383,384,385,386,387,388,389,390,391,392,393,394,395,396,397,398,399,400,401,402,403,404,405,406,407,408,409,410,411,412,413,414,415,416,417,418,419,420,421,422,423,424,425,426,427,428,429,430,431,432,433,434,435,436,437,438,439,440,441,442,443,444,445,446,447,448,449,450,451,452,453,454,455,456,457,458,459,460,461,462,463,464,465,466,467,468,469,470,471,472,473,474,475,476,477,478,479,480,481,482,483,484,485,486,487,488,489,490,491,492,493,494,495,496,497,498,499,500],"losses":[1.10638,1.08287,1.05808,1.02357,1.02191,0.98582,0.96788,0.97399,0.94235,0.9242,0.90909,0.90797,0.84863,0.8837,0.89061,0.89229,0.89742,0.87371,0.8847,0.90511,0.977,0.88065,0.91026,0.95678,0.93675,0.87583,0.8875,0.8852,0.88076,0.89157,0.83032,0.83863,0.81465,0.80867,0.86125,0.88955,0.83042,0.87503,0.86417,0.85914,0.81815,0.85273,0.82898,0.84137,0.85253,0.84987,0.88364,0.85427,0.86639,0.8557,0.78692,0.86155,0.80294,0.80225,0.81972,0.88675,0.83712,0.88015,0.8662,0.89795,0.89118,0.90713,0.92892,0.91607,0.92698,0.90689,0.81236,0.82683,0.80688,0.78076,0.81533,0.79104,0.79836,0.796,0.80414,0.80256,0.809,0.79875,0.82903,0.81298,0.85537,0.93356,0.87675,0.83228,0.85325,0.81207,0.82255,0.81786,0.78655,0.8147,0.81364,0.81011,0.81918,0.77422,0.76808,0.78088,0.79372,0.79064,0.79716,0.77486,0.84699,0.81418,0.82902,0.76488,0.79104,0.78397,0.8064,0.80235,0.81601,0.78328,0.77113,0.78297,0.7774,0.75356,0.75691,0.78656,0.79673,0.80044,0.8214,0.76705,0.74043,0.74312,0.73181,0.77227,0.84647,0.86582,0.84262,0.84949,0.84064,0.82824,0.85635,0.83043,0.84937,0.83112,0.86071,0.85324,0.87183,0.81481,0.82385,0.81249,0.81245,0.78374,0.79368,0.82567,0.77915,0.81106,0.81545,0.81892,0.84186,0.83295,0.87911,0.83854,0.84232,0.86717,0.84984,0.86965,0.84169,0.84937,0.86613,0.86561,0.91928,0.90169,0.90926,0.89389,0.90815,0.90498,0.87889,0.88092,0.85138,0.85201,0.84757,0.84744,0.83004,0.84355,0.8252,0.84851,0.85476,0.80122,0.83537,0.79497,0.83418,0.799,0.79587,0.78768,0.77114,0.79198,0.79029,0.75941,0.76947,0.754,0.83701,0.72382,0.77583,0.8312,0.82498,0.83543,0.79838,0.78722,0.8002,0.7636,0.78906,0.78983,0.78955,0.76975,0.79581,0.79251,0.77625,0.7599,0.72596,0.75888,0.78021,0.75547,0.75282,0.77419,0.76933,0.76309,0.77872,0.81486,0.8107,0.79505,0.99814,0.87058,0.85736,0.8347,0.80564,0.78865,0.80547,0.81492,0.79133,0.7721,0.77287,0.73797,0.77364,0.76043,0.77711,0.78342,0.76666,0.76733,0.79337,0.78178,0.77368,0.78027,0.80858,0.76885,0.80018,0.82486,0.7944,0.80961,0.76984,0.76713,0.81691,0.74501,0.77421,0.77458,0.857,0.84326,0.8529,0.87326,0.83697,0.86599,0.8485,0.82869,0.85394,0.83217,0.8476,0.84916,0.81876,0.8482,0.83341,0.83875,0.79308,0.82802,0.80405,0.79995,0.82809,0.80042,0.76824,0.77326,0.78069,0.81245,0.77226,0.76993,0.76579,0.7933,0.8016,0.79708,0.80657,0.79462,0.77253,0.77453,0.79506,0.79858,0.78495,0.83416,0.78855,0.80167,0.83131,0.8349,0.80214,0.81006,0.86117,0.90356,0.85506,0.87493,0.84834,0.86662,0.80684,0.84308,0.81847,0.83164,0.8074,0.78453,0.83191,0.82945,0.81779,0.85278,0.84558,0.85584,0.81992,0.78187,0.82231,0.81498,0.79335,0.81361,0.80315,0.82011,0.77166,0.77834,0.80242,0.7954,0.78348,0.76876,0.77956,0.80185,0.78176,0.8248,0.82056,0.81509,0.80106,0.83976,0.79587,0.81567,0.80455,0.80234,0.77491,0.79185,0.78367,0.77285,0.77824,0.79479,1.0716,0.95565,0.92306,0.90332,0.88416,0.87194,0.86442,0.83176,0.84837,0.82554,0.81751,0.89357,0.84942,0.83682,0.84602,0.8144,0.78365,0.78685,0.80864,0.78815,0.77123,0.77153,0.75609,0.77347,0.76106,0.79642,0.74749,0.78607,0.78216,0.74689,0.77338,0.74412,0.76759,0.74696,0.78297,0.7989,0.81126,0.82163,0.81548,0.83991,0.78831,0.81116,0.81577,0.82878,0.81709,0.79934,0.80529,0.80799,0.77333,0.80379,0.73911,0.78349,0.82773,0.81348,0.82273,0.84311,0.81108,0.80965,0.8078,0.79212,0.79946,0.79584,0.80788,0.82441,0.77884,0.80128,0.82221,0.83397,0.83154,0.83713,0.83928,0.82224,0.80712,0.8302,0.84211,0.82754,0.8447,0.84475,0.8224,0.81522,0.82066,0.81276,0.81919,0.80913,0.83233,0.80162,0.83561,0.78314,0.78197,0.80594,0.78474,0.78891,0.79701,0.78384,0.78541,0.76735,0.80421,0.80246,0.75725,0.7656,0.88499,0.8376,0.78921,0.79454,0.79861,0.84541,0.83424,0.82614,0.81412,0.80591,0.81877,0.82139,0.82667,0.78465,0.80929,0.79083,0.82629,0.84817,0.84884,0.81884,0.78983,0.8232,0.82948,0.80761,0.81012,0.81554,0.82824,0.8161,0.80771,0.82301,0.80228,0.8244,0.77122,0.82152,0.79004,0.8441,0.81393,0.7999,0.83056,0.81522,0.80368,0.85542,0.80392,0.8421,0.81522,0.82704,0.82993,0.79384,0.8141,0.78555],