{"random":{"p1_wr":0.50165,"p2_wr":0.49835,"avg_turns":52.04195,"decisive_golden":0.3112,"swap_used":0.29775,"games":20000},"mcts_vs_rand":{"wr":0.99,"p1":"49/50","p2":"50/50"},"mcts_vs_mcts":{"p1_wr":0.5166666666666667,"games":60},"selfplay":{"versions":[1,2,3,4,5,6,7,8,9,10,11,12,13,14,15,16,17,18,19,20,21,22,23,24,25,26,27,28,29,30,31,32,33,34,35,36,37,38,39,40,41,42,43,44,45,46,47,48,49,50,51,52,53,54,55,56,57,58,59,60,61,62,63,64,65,66,67,68,69,70,71,72,73,74,75,76,77,78,79,80,81,82,83,84,85,86,87,88,89,90,91,92,93,94,95,96,97,98,99,100,101,102,103,104,105,106,107,108,109,110,111,112,113,114,115,116,117,118,119,120,121,122,123,124,125,126,127,128,129,130,131,132,133,134,135,136,137,138,139,140,141,142,143,144,145,146,147,148,149,150,151,152,153,154,155,156,157,158,159,160,161,162,163,164,165,166,167,168,169,170,171,172,173,174,175,176,177,178,179,180,181,182,183,184,185,186,187,188,189,190,191,192,193,194,195,196,197,198,199,200,201,202,203,204,205,206,207,208,209,210,211,212,213,214,215,216,217,218,219,220,221,222,223,224,225,226,227,228,229,230,231,232,233,234,235,236,237,238,239,240,241,242,243,244,245,246,247,248,249,250,251,252,253,254,255,256,257,258,259,260,261,262,263,264,265,266,267,268,269,270,271,272,273,274,275,276,277,278,279,280,281,282,283,284,285,286,287,288,289,290,291,292,293,294,295,296,297,298,299,300,301,302,303,304,305,306,307,308,309,310,311,312,313,314,315,316,317,318,319,320,321,322,323,324,325,326,327,328,329,330,331,332,333,334,335,336,337,338,339,340,341,342,343,344,345,346,347,348,349,350,351,352,353,354,355,356,357,358,359,360,361,362,363,364,365,366,367,368,369,370,371,372,373,374,375,376,377,378,379,380,381,382,383,384,385,386,387,388,389,390,391,392,393,394,395,396,397,398,399,400,401,402,403,404,405,406,407,408,409,410,411,412,413,414,415,416,417,418,419,420,421,422,423,424,425,426,427,428,429,430,431,432,433,434,435,436,437,438,439,440,441,442,443,444,445,446,447,448,449,450,451,452,453,454,455,456,457,458,459,460,461,462,463,464,465,466,467,468,469,470,471,472,473,474,475,476,477,478,479,480,481,482,483,484,485,486,487,488,489,490,491,492,493,494,495,496,497,498,499,500,501,502,503,504,505,506,507,508,509,510,511,512,513,514,515,516,517,518,519,520,521,522,523,524,525,526,527,528,529,530,531,532,533,534,535,536,537,538,539,540,541,542,543,544,545,546,547,548,549,550,551,552,553,554,555,556,557,558,559,560,561,562,563,564,565,566,567,568,569,570,571,572,573,574,575,576,577,578,579,580,581,582,583,584,585,586,587,588,589,590,591,592,593,594,595,596,597,598,599,600,601,602,603,604,605,606,607,608,609,610,611,612,613,614,615,616,617,618,619,620,621,622,623,624,625,626,627,628,629,630,631,632,633,634,635,636,637,638,639,640,641,642,643,644,645,646,647,648,649,650,651,652,653,654,655,656,657,658,659,660,661,662,663,664,665,666,667,668,669,670,671,672,673,674,675,676,677,678,679,680,681,682,683,684,685,686,687,688,689,690,691,692,693,694,695,696,697,698,699,700,701,702,703,704,705,706,707,708,709,710,711,712,713,714,715,716,717,718,719,720,721,722,723,724,725,726,727,728,729,730,731,732,733,734,735,736,737,738,739,740,741,742,743,744,745,746,747,748,749,750,751,752,753,754,755,756,757,758,759,760,761,762,763,764,765,766,767,768,769,770,771,772,773,774,775,776,777,778,779,780,781,782,783,784,785,786,787,788,789,790,791,792,793,794,795,796,797,798,799,800,801,802,803,804,805,806,807,808,809,810,811,812,813,814,815,816,817,818,819,820,821,822,823,824,825,826,827,828,829,830,831,832,833,834,835,836,837,838,839,840,841,842,843,844,845,846,847,848,849,850,851,852,853,854,855,856,857,858,859,860,861,862,863,864,865,866,867,868,869,870,871,872,873,874,875,876,877,878,879,880,881,882,883,884,885,886,887,888,889,890,891,892,893,894,895,896,897,898,899,900,901,902,903,904,905,906,907,908,909,910,911,912,913,914,915,916,917,918,919,920],"losses":[1.13792,1.06026,1.08233,1.0286,1.01404,0.99489,0.9547,0.9651,0.95561,0.97705,0.94886,0.97699,0.92905,0.97118,0.95141,0.95186,0.93983,0.94059,0.97881,0.99788,0.9645,0.96145,0.9577,0.97045,0.9604,0.9464,0.95023,0.95381,0.95664,0.93254,0.96839,0.96918,0.93104,0.91219,0.95842,0.95276,0.96082,0.94375,0.92201,0.96349,0.99524,0.94498,0.93549,0.94979,0.96015,0.94451,0.95559,0.95104,0.92389,0.9172,0.91423,0.92102,0.92951,0.92658,0.91412,0.89348,0.91019,0.88746,0.89663,0.87591,0.89927,0.91904,0.86501,0.89846,0.89559,0.91167,0.88484,0.90027,0.91042,0.91714,0.94772,0.97342,0.94569,0.95259,0.96237,0.96769,0.9754,0.95968,0.97429,0.98749,0.84879,0.88002,0.91961,0.88521,0.91815,0.87961,0.92078,0.91593,0.90902,0.90132,0.9124,0.91173,0.92225,0.90615,0.90169,0.89112,0.90242,0.87805,0.89874,0.87809,0.90475,0.90492,0.88194,0.90119,0.89868,0.90053,0.91357,0.90606,0.8888,0.88436,0.9038,0.90427,0.908,0.9166,0.92449,0.88531,0.8849,0.90354,0.87757,0.88587,1.06849,1.03176,0.9599,0.9285,0.93139,0.93,0.93435,0.90475,0.93833,0.9307,0.91754,0.94626,0.94349,0.9215,0.93843,0.93987,0.90427,0.90511,0.91433,0.91322,0.90927,0.89192,0.91267,0.89879,0.89707,0.89646,0.91781,0.90104,0.86802,0.8934,0.89814,0.87815,0.86664,0.90052,0.88906,0.91093,0.87884,0.89076,0.87487,0.9009,0.89982,0.90784,0.8772,0.88199,0.8823,0.85729,0.87585,0.874,0.88535,0.90335,1.05098,0.9658,0.89702,0.87863,0.89609,0.91358,0.88941,0.88809,0.91234,0.88241,0.93497,0.92411,0.90773,0.9147,0.89808,0.8805,0.88492,0.88251,0.89653,0.88327,0.9058,0.93311,0.9155,0.91386,0.91232,0.89118,0.86637,0.89786,0.87972,0.89946,0.91046,0.8904,0.92684,0.91508,0.91962,0.89707,0.92956,0.95042,0.9268,0.90949,0.90373,0.93582,0.93683,0.90659,0.9151,0.88736,0.92835,0.9195,0.86658,0.88436,0.88803,0.89238,0.90243,0.89625,0.88523,0.90328,0.89135,0.92112,0.89788,0.92206,0.90669,0.89152,0.91071,0.89686,0.90015,0.92303,0.88596,0.9116,0.90833,0.91223,0.92773,0.88683,0.8906,0.89439,0.91509,0.91611,0.92287,0.92585,0.91413,0.90743,0.93004,0.9113,0.9384,0.94377,0.88718,0.89788,0.90718,0.89309,0.92398,0.90511,0.87544,0.90537,0.9075,0.90119,0.89754,0.90122,0.90148,0.89561,0.86498,0.89265,0.85168,0.85543,0.83276,0.82292,0.85603,0.87559,0.86319,0.87475,0.86324,0.86974,0.86027,0.88466,0.85828,0.88909,0.85972,0.87365,0.87001,0.91286,0.9059,0.91659,0.94478,0.92867,0.9153,0.91434,0.91271,0.92314,0.88472,0.88792,0.91554,0.90004,0.88663,0.88949,0.90527,0.87218,0.8795,0.86124,0.8892,0.88119,0.89113,0.89269,0.90054,0.90364,0.89897,0.92494,0.91917,0.92239,0.94085,0.93965,0.93304,0.93846,0.89755,0.91064,0.93263,0.95854,0.95041,0.91333,0.91842,0.91178,0.93233,0.93773,0.90308,0.93512,0.89573,0.89806,0.90622,0.88052,0.89756,0.87376,0.8982,0.88,0.87631,0.88837,0.8794,0.8593,0.89647,0.88521,0.90016,0.89239,0.88813,0.90276,0.90203,0.89574,0.90372,0.91613,0.91054,0.91428,0.89413,0.92231,0.90883,0.9196,0.93292,0.94417,0.96369,0.94594,0.92036,0.91939,0.92612,0.93033,0.94689,0.97017,0.87803,0.9126,0.93822,0.90451,0.87273,0.8855,0.89677,0.87587,0.85704,0.83018,0.84042,0.84822,0.85556,0.87139,0.85583,0.84789,0.84782,0.87047,0.87019,0.87789,0.88199,0.85948,0.87154,0.86741,0.89591,0.91177,0.88527,0.91807,0.88907,0.87496,0.89829,0.9197,0.90868,0.90959,0.89031,0.89246,0.91645,0.95231,0.92081,0.90575,0.92867,0.929,0.8935,0.90024,0.91735,0.91804,0.90243,0.90746,0.88374,0.93601,0.94129,0.89889,0.89342,0.88463,0.87475,0.90001,0.88684,0.92039,0.91203,0.91268,0.89935,0.88492,0.85607,0.8572,0.88742,0.88476,0.88617,0.88821,0.88058,0.91619,0.8892,0.8715,0.85347,0.88845,0.86297,0.8914,0.89046,0.91815,0.9196,0.91073,0.95183,0.9136,0.89677,0.91557,0.92013,0.91429,0.92863,0.90914,0.90544,0.91472,0.88172,0.91318,0.88723,0.86963,0.85537,0.89231,0.89112,0.88932,0.90193,0.89024,0.88797,0.86372,0.84884,0.86647,0.88748,0.87679,0.88744,0.88144,0.88195,0.87793,0.89658,0.89099,0.88347,0.89211,0.89857,0.8953,0.88428,0.87389,0.88323,0.87188,0.86788,0.86823,0.89053,0.86255,0.86429,0.86559,0.88297,0.87478,0.87071,0.8477,0.89319,0.88968,0.89543,0.90864,0.9157,0.91332,0.91986,0.93123,0.92502,0.9103,0.93402,0.93837,0.91001,0.92348,0.91195,0.91985,0.92625,0.92705,0.90419,0.89769,0.99211,0.9031,0.92561,0.948,0.9497,0.93452,0.92408,0.90906,0.94272,