{"random":{"p1_wr":0.50165,"p2_wr":0.49835,"avg_turns":52.04195,"decisive_golden":0.3112,"swap_used":0.29775,"games":20000},"mcts_vs_rand":{"wr":0.99,"p1":"49/50","p2":"50/50"},"mcts_vs_mcts":{"p1_wr":0.5166666666666667,"games":60},"selfplay":{"versions":[1,2,3,4,5,6,7,8,9,10,11,12,13,14,15,16,17,18,19,20,21,22,23,24,25,26,27,28,29,30,31,32,33,34,35,36,37,38,39,40,41,42,43,44,45,46,47,48,49,50,51,52,53,54,55,56,57,58,59,60,61,62,63,64,65,66,67,68,69,70,71,72,73,74,75,76,77,78,79,80,81,82,83,84,85,86,87,88,89,90,91,92,93,94,95,96,97,98,99,100,101,102,103,104,105,106,107,108,109,110,111,112,113,114,115,116,117,118,119,120,121,122,123,124,125,126,127,128,129,130,131,132,133,134,135,136,137,138,139,140,141,142,143,144,145,146,147,148,149,150,151,152,153,154,155,156,157,158,159,160,161,162,163,164,165,166,167,168,169,170,171,172,173,174,175,176,177,178,179,180,181,182,183,184,185,186,187,188,189,190,191,192,193,194,195,196,197,198,199,200,201,202,203,204,205,206,207,208,209,210,211,212,213,214,215,216,217,218,219,220,221,222,223,224,225,226,227,228,229,230,231,232,233,234,235,236,237,238,239,240,241,242,243,244,245,246,247,248,249,250,251,252,253,254,255,256,257,258,259,260,261,262,263,264,265,266,267,268,269,270,271,272,273,274,275,276,277,278,279,280,281,282,283,284,285,286,287,288,289,290,291,292,293,294,295,296,297,298,299,300,301,302,303,304,305,306,307,308,309,310,311,312,313,314,315,316,317,318,319,320],"losses":[1.13792,1.06026,1.08233,1.0286,1.01404,0.99489,0.9547,0.9651,0.95561,0.97705,0.94886,0.97699,0.92905,0.97118,0.95141,0.95186,0.93983,0.94059,0.97881,0.99788,0.9645,0.96145,0.9577,0.97045,0.9604,0.9464,0.95023,0.95381,0.95664,0.93254,0.96839,0.96918,0.93104,0.91219,0.95842,0.95276,0.96082,0.94375,0.92201,0.96349,0.99524,0.94498,0.93549,0.94979,0.96015,0.94451,0.95559,0.95104,0.92389,0.9172,0.91423,0.92102,0.92951,0.92658,0.91412,0.89348,0.91019,0.88746,0.89663,0.87591,0.89927,0.91904,0.86501,0.89846,0.89559,0.91167,0.88484,0.90027,0.91042,0.91714,0.94772,0.97342,0.94569,0.95259,0.96237,0.96769,0.9754,0.95968,0.97429,0.98749,0.84879,0.88002,0.91961,0.88521,0.91815,0.87961,0.92078,0.91593,0.90902,0.90132,0.9124,0.91173,0.92225,0.90615,0.90169,0.89112,0.90242,0.87805,0.89874,0.87809,0.90475,0.90492,0.88194,0.90119,0.89868,0.90053,0.91357,0.90606,0.8888,0.88436,0.9038,0.90427,0.908,0.9166,0.92449,0.88531,0.8849,0.90354,0.87757,0.88587,1.06849,1.03176,0.9599,0.9285,0.93139,0.93,0.93435,0.90475,0.93833,0.9307,0.91754,0.94626,0.94349,0.9215,0.93843,0.93987,0.90427,0.90511,0.91433,0.91322,0.90927,0.89192,0.91267,0.89879,0.89707,0.89646,0.91781,0.90104,0.86802,0.8934,0.89814,0.87815,0.86664,0.90052,0.88906,0.91093,0.87884,0.89076,0.87487,0.9009,0.89982,0.90784,0.8772,0.88199,0.8823,0.85729,0.87585,0.874,0.88535,0.90335,1.05098,0.9658,0.89702,0.87863,0.89609,0.91358,0.88941,0.88809,0.91234,0.88241,0.93497,0.92411,0.90773,0.9147,0.89808,0.8805,0.88492,0.88251,0.89653,0.88327,0.9058,0.93311,0.9155,0.91386,0.91232,0.89118,0.86637,0.89786,0.87972,0.89946,0.91046,0.8904,0.92684,0.91508,0.91962,0.89707,0.92956,0.95042,0.9268,0.90949,0.90373,0.93582,0.93683,0.90659,0.9151,0.88736,0.92835,0.9195,0.86658,0.88436,0.88803,0.89238,0.90243,0.89625,0.88523,0.90328,0.89135,0.92112,0.89788,0.92206,0.90669,0.89152,0.91071,0.89686,0.90015,0.92303,0.88596,0.9116,0.90833,0.91223,0.92773,0.88683,0.8906,0.89439,0.91509,0.91611,0.92287,0.92585,0.91413,0.90743,0.93004,0.9113,0.9384,0.94377,0.88718,0.89788,0.90718,0.89309,0.92398,0.90511,0.87544,0.90537,0.9075,0.90119,0.89754,0.90122,0.90148,0.89561,0.86498,0.89265,0.85168,0.85543,0.83276,0.82292,0.85603,0.87559,0.86319,0.87475,0.86324,0.86974,0.86027,0.88466,0.85828,0.88909,0.85972,0.87365,0.87001,0.91286,0.9059,0.91659,0.94478,0.92867,0.9153,0.91434,0.91271,0.92314,0.88472,0.88792,0.91554,0.90004,0.88663,0.88949,0.90527,0.87218,0.8795,0.86124,0.8892,0.88119,0.89113,0.89269,0.90054,0.90364,0.89897,0.92494,0.91917,0.92239,0.94085,0.93965,0.93304,0.93846],"vs_random":[58.3,83.3,83.3,75.0,66.7,91.7,75.0,58.3,83.3,91.7,83.3,75.0,91.7,75.0,75.0,58.3,91.7,66.7,58.3,75.0,91.7,91.7,75.0,83.3,83.3,83.3,75.0,75.0,91.7,66.7,91.7,91.7,75.0,91.7,83.3,83.3,75.0,83.3,66.7,91.7,83.3,75.0,91.7,91.7,91.7,83.3,83.3,83.3,91.7,41.699999999999996,66.7,58.3,91.7,83.3,83.3,83.3,75.0,83.3,91.7,100.0,83.3,75.0,91.7,66.7,83.3,66.7,91.7,91.7,75.0,75.0,66.7,83.3,91.7,100.0,75.0,91.7,83.3,100.0,91.7,83.3,83.3,83.3,91.7,91.7,83.3,83.3,100.0,66.7,83.3,83.3,91.7,91.7,91.7,91.7,91.7,91.7,91.7,91.7,100.0,83.3,66.7,91.7,75.0,100.0,100.0,100.0,83.3,100.0,83.3,75.0,91.7,91.7,100.0,91.7,83.3,75.0,100.0,91.7,100.0,83.3,91.7,91.7,91.7,91.7,66.7,83.3,100.0,83.3,91.7,83.3,91.7,91.7,91.7,100.0,91.7,91.7,91.7,91.7,100.0,91.7,66.7,83.3,91.7,83.3,91.7,83.3,75.0,91.7,91.7,83.3,75.0,100.0,91.7,91.7,58.3,100.0,100.0,91.7,91.7,83.3,91.7,83.3,75.0,91.7,91.7,83.3,91.7,91.7,91.7,91.7,100.0,75.0,100.0,83.3,100.0,83.3,83.3,83.3,100.0,83.3,100.0,91.7,100.0,100.0,83.3,91.7,91.7,83.3,83.3,83.3,100.0,100.0,75.0,91.7,100.0,83.3,83.3,100.0,100.0,83.3,91.7,91.7,83.3,100.0,100.0,83.3,75.0,91.7,91.7,91.7,83.3,83.3,91.7,83.3,83.3,100.0,100.0,75.0,91.7,83.3,83.3,100.0,83.3,100.0,91.7,91.7,91.7,91.7,100.0,100.0,66.7,83.3,100.0,83.3,100.0,100.0,83.3,91.7,91.7,100.0,66.7,100.0,91.7,75.0,91.7,91.7,75.0,75.0,100.0,91.7,91.7,100.0,75.0,91.7,91.7,91.7,91.7,83.3,100.0,75.0,83.3,100.0,100.0,83.3,100.0,91.7,100.0,66.7,91.7,100.0,100.0,91.7,83.3,83.3,100.0,91.7,75.0,83.3,100.0,83.3,91.7,100.0,83.3,91.7,75.0,91.7,83.3,91.7,83.3,75.0,91.7,91.7,91.7,100.0,91.7,83.3,100.0,100.0,91.7,100.0,100.0,91.7,91.7,100.0,91.7,91.7,83.3,100.0,91.7,91.7,91.7,91.7,75.0,83.3,100.0,91.7,91.7,83.3,83.3,91.7],"trained_wr":0.9},"variants":{"stands":{"7":{"p1_wr":0.4908,"avg_turns":36.5964,"decisive_golden":0.0,"std_turns":3.693549382369213},"8":{"p1_wr":0.4998,"avg_turns":42.3954,"decisive_golden":0.3432,"std_turns":3.508426832641661},"9":{"p1_wr":0.5012,"avg_turns":45.9736,"decisive_golden":0.0,"std_turns":4.262265012877543},"10":{"p1_wr":0.5104,"avg_turns":52.0868,"decisive_golden":0.3128,"std_turns":3.9259222814518373},"12":{"p1_wr":0.4986,"avg_turns":61.4978,"decisive_golden":0.2926,"std_turns":4.363300947677113}},"heights":{"7":{"p1_wr":0.5098,"avg_turns":35.6712,"decisive_golden":0.3094},"9":{"p1_wr":0.4826,"avg_turns":43.7686,"decisive_golden":0.3126},"11":{"p1_wr":0.4966,"avg_turns":52.0542,"decisive_golden":0.3116},"13":{"p1_wr":0.4974,"avg_turns":60.4878,"decisive_golden":0.317}}},"strategies":{"transfer_early":41.875,"transfer_mid":52.000000000000014,"transfer_late":51.47769950768335,"avg_first_close":13.75,"avg_placement":2.2323040380047505},"trained_mm":{"p1":22,"p2":18},"note":"\u041d\u043e\u0432\u044b\u0435 \u043f\u0440\u0430\u0432\u0438\u043b\u0430: \u043f\u0435\u0440\u0435\u043d\u043e\u0441 \u0447\u0443\u0436\u0438\u0445 \u0441 overflow \u0440\u0430\u0437\u0440\u0435\u0448\u0451\u043d"}