{"random":{"p1_wr":0.50165,"p2_wr":0.49835,"avg_turns":52.04195,"decisive_golden":0.3112,"swap_used":0.29775,"games":20000},"mcts_vs_rand":{"wr":0.99,"p1":"49/50","p2":"50/50"},"mcts_vs_mcts":{"p1_wr":0.5166666666666667,"games":60},"selfplay":{"versions":[1,2,3,4,5,6,7,8,9,10,11,12,13,14,15,16,17,18,19,20,21,22,23,24,25,26,27,28,29,30,31,32,33,34,35,36,37,38,39,40,41,42,43,44,45,46,47,48,49,50,51,52,53,54,55,56,57,58,59,60,61,62,63,64,65,66,67,68,69,70,71,72,73,74,75,76,77,78,79,80,81,82,83,84,85,86,87,88,89,90,91,92,93,94,95,96,97,98,99,100,101,102,103,104,105,106,107,108,109,110,111,112,113,114,115,116,117,118,119,120],"losses":[1.13792,1.06026,1.08233,1.0286,1.01404,0.99489,0.9547,0.9651,0.95561,0.97705,0.94886,0.97699,0.92905,0.97118,0.95141,0.95186,0.93983,0.94059,0.97881,0.99788,0.9645,0.96145,0.9577,0.97045,0.9604,0.9464,0.95023,0.95381,0.95664,0.93254,0.96839,0.96918,0.93104,0.91219,0.95842,0.95276,0.96082,0.94375,0.92201,0.96349,0.99524,0.94498,0.93549,0.94979,0.96015,0.94451,0.95559,0.95104,0.92389,0.9172,0.91423,0.92102,0.92951,0.92658,0.91412,0.89348,0.91019,0.88746,0.89663,0.87591,0.89927,0.91904,0.86501,0.89846,0.89559,0.91167,0.88484,0.90027,0.91042,0.91714,0.94772,0.97342,0.94569,0.95259,0.96237,0.96769,0.9754,0.95968,0.97429,0.98749,0.84879,0.88002,0.91961,0.88521,0.91815,0.87961,0.92078,0.91593,0.90902,0.90132,0.9124,0.91173,0.92225,0.90615,0.90169,0.89112,0.90242,0.87805,0.89874,0.87809,0.90475,0.90492,0.88194,0.90119,0.89868,0.90053,0.91357,0.90606,0.8888,0.88436,0.9038,0.90427,0.908,0.9166,0.92449,0.88531,0.8849,0.90354,0.87757,0.88587],"vs_random":[58.3,83.3,83.3,75.0,66.7,91.7,75.0,58.3,83.3,91.7,83.3,75.0,91.7,75.0,75.0,58.3,91.7,66.7,58.3,75.0,91.7,91.7,75.0,83.3,83.3,83.3,75.0,75.0,91.7,66.7,91.7,91.7,75.0,91.7,83.3,83.3,75.0,83.3,66.7,91.7,83.3,75.0,91.7,91.7,91.7,83.3,83.3,83.3,91.7,41.699999999999996,66.7,58.3,91.7,83.3,83.3,83.3,75.0,83.3,91.7,100.0,83.3,75.0,91.7,66.7,83.3,66.7,91.7,91.7,75.0,75.0,66.7,83.3,91.7,100.0,75.0,91.7,83.3,100.0,91.7,83.3,83.3,83.3,91.7,91.7,83.3,83.3,100.0,66.7,83.3,83.3,91.7,91.7,91.7,91.7,91.7,91.7,91.7,91.7,100.0,83.3,66.7,91.7,75.0,100.0,100.0,100.0,83.3,100.0,83.3,75.0,91.7,91.7,100.0,91.7,83.3,75.0,100.0,91.7,100.0,83.3],"trained_wr":0.9},"variants":{"stands":{"7":{"p1_wr":0.4908,"avg_turns":36.5964,"decisive_golden":0.0,"std_turns":3.693549382369213},"8":{"p1_wr":0.4998,"avg_turns":42.3954,"decisive_golden":0.3432,"std_turns":3.508426832641661},"9":{"p1_wr":0.5012,"avg_turns":45.9736,"decisive_golden":0.0,"std_turns":4.262265012877543},"10":{"p1_wr":0.5104,"avg_turns":52.0868,"decisive_golden":0.3128,"std_turns":3.9259222814518373},"12":{"p1_wr":0.4986,"avg_turns":61.4978,"decisive_golden":0.2926,"std_turns":4.363300947677113}},"heights":{"7":{"p1_wr":0.5098,"avg_turns":35.6712,"decisive_golden":0.3094},"9":{"p1_wr":0.4826,"avg_turns":43.7686,"decisive_golden":0.3126},"11":{"p1_wr":0.4966,"avg_turns":52.0542,"decisive_golden":0.3116},"13":{"p1_wr":0.4974,"avg_turns":60.4878,"decisive_golden":0.317}}},"strategies":{"transfer_early":41.875,"transfer_mid":52.000000000000014,"transfer_late":51.47769950768335,"avg_first_close":13.75,"avg_placement":2.2323040380047505},"trained_mm":{"p1":50,"p2":50},"note":"\u041d\u043e\u0432\u044b\u0435 \u043f\u0440\u0430\u0432\u0438\u043b\u0430: \u043f\u0435\u0440\u0435\u043d\u043e\u0441 \u0447\u0443\u0436\u0438\u0445 \u0441 overflow \u0440\u0430\u0437\u0440\u0435\u0448\u0451\u043d"}